station_code,station_name,recorded_at,max_temp,min_temp,rainfall_24h
42182,New Delhi,2026-10-02 09:51:20,33.5,22.8,5.2
42182,New Delhi,2026-10-02 09:51:20,33.5,22.8,5.2
42182,New Delhi,2026-10-02 09:51:20,33.5,22.8,5.2
42182,New Delhi,2026-10-02 09:51:21,33.5,22.8,5.2
42182,New Delhi,2026-10-02 09:51:21,33.5,22.8,5.2
42182,New Delhi,2026-10-02 09:51:21,33.5,22.8,5.2
42182,New Delhi,2026-10-02 09:51:22,33.5,22.8,5.2
42182,New Delhi,2026-10-02 09:51:22,33.5,22.8,5.2
42182,New Delhi,2026-10-02 09:51:22,33.5,22.8,5.2
42182,New Delhi,2026-10-02 09:51:23,33.5,22.8,5.2
42182,New Delhi,2026-10-02 09:51:23,33.5,22.8,5.2
42182,New Delhi,2026-10-02 09:51:23,33.5,22.8,5.2
42182,New Delhi,2026-10-02 09:51:23,33.5,22.8,5.2
42182,New Delhi,2026-10-02 09:51:24,33.5,22.8,5.2
